{
  "results": {
    "core/memory_ordering/test_memory_barrier": {
      "3.12.7": {
        "status": "baseline",
        "duration": 1.8001840114593506,
        "error": null,
        "relative_performance": null,
        "statistical_data": {
          "mean": 1.8001840114593506,
          "median": 1.798980474472046,
          "stddev": 0.003057270616811456,
          "min": 1.7969398498535156,
          "max": 1.8050012588500977,
          "iterations": [
            1.8010337352752686,
            1.7989647388458252,
            1.8050012588500977,
            1.798980474472046,
            1.7969398498535156
          ]
        }
      },
      "3.13.0": {
        "status": "similar",
        "duration": 1.792035961151123,
        "error": null,
        "relative_performance": "99.55%",
        "statistical_data": {
          "mean": 1.792035961151123,
          "median": 1.7919495105743408,
          "stddev": 0.0019575568260977376,
          "min": 1.7900476455688477,
          "max": 1.7948732376098633,
          "iterations": [
            1.7904245853424072,
            1.7948732376098633,
            1.7928848266601562,
            1.7919495105743408,
            1.7900476455688477
          ]
        }
      },
      "3.13.0t": {
        "status": "improved",
        "duration": 0.7976311206817627,
        "error": null,
        "relative_performance": "44.31%",
        "statistical_data": {
          "mean": 0.7976311206817627,
          "median": 0.8069956302642822,
          "stddev": 0.014596855692939585,
          "min": 0.7759699821472168,
          "max": 0.8089616298675537,
          "iterations": [
            0.8072390556335449,
            0.8069956302642822,
            0.7889893054962158,
            0.8089616298675537,
            0.7759699821472168
          ]
        }
      }
    },
    "core/memory_ordering/test_cache_line_bouncing": {
      "3.12.7": {
        "status": "baseline",
        "duration": 0.8192480087280274,
        "error": null,
        "relative_performance": null,
        "statistical_data": {
          "mean": 0.8192480087280274,
          "median": 0.8171570301055908,
          "stddev": 0.007870946150895695,
          "min": 0.8124327659606934,
          "max": 0.8316104412078857,
          "iterations": [
            0.8171570301055908,
            0.8316104412078857,
            0.8124327659606934,
            0.8218894004821777,
            0.8131504058837891
          ]
        }
      },
      "3.13.0": {
        "status": "similar",
        "duration": 0.824139928817749,
        "error": null,
        "relative_performance": "100.60%",
        "statistical_data": {
          "mean": 0.824139928817749,
          "median": 0.8295783996582031,
          "stddev": 0.01040682429142553,
          "min": 0.810091495513916,
          "max": 0.834420919418335,
          "iterations": [
            0.8295783996582031,
            0.810091495513916,
            0.8162624835968018,
            0.834420919418335,
            0.8303463459014893
          ]
        }
      },
      "3.13.0t": {
        "status": "degraded",
        "duration": 1.0039949893951416,
        "error": null,
        "relative_performance": "122.55%",
        "statistical_data": {
          "mean": 1.0039949893951416,
          "median": 1.0052516460418701,
          "stddev": 0.0032996678254497915,
          "min": 0.9981842041015625,
          "max": 1.0063445568084717,
          "iterations": [
            1.0052516460418701,
            1.0047392845153809,
            1.0063445568084717,
            1.0054552555084229,
            0.9981842041015625
          ]
        }
      }
    },
    "core/memory_ordering/test_padded_counters": {
      "3.12.7": {
        "status": "baseline",
        "duration": 0.13363251686096192,
        "error": null,
        "relative_performance": null,
        "statistical_data": {
          "mean": 0.13363251686096192,
          "median": 0.13388466835021973,
          "stddev": 0.000580730023327409,
          "min": 0.13282418251037598,
          "max": 0.13423824310302734,
          "iterations": [
            0.13423824310302734,
            0.13324451446533203,
            0.13282418251037598,
            0.1339709758758545,
            0.13388466835021973
          ]
        }
      },
      "3.13.0": {
        "status": "similar",
        "duration": 0.13091020584106444,
        "error": null,
        "relative_performance": "97.96%",
        "statistical_data": {
          "mean": 0.13091020584106444,
          "median": 0.1307373046875,
          "stddev": 0.0013371580698817592,
          "min": 0.12901830673217773,
          "max": 0.13248133659362793,
          "iterations": [
            0.13248133659362793,
            0.12901830673217773,
            0.1307373046875,
            0.13184714317321777,
            0.13046693801879883
          ]
        }
      },
      "3.13.0t": {
        "status": "degraded",
        "duration": 0.34281044006347655,
        "error": null,
        "relative_performance": "256.53%",
        "statistical_data": {
          "mean": 0.34281044006347655,
          "median": 0.34354567527770996,
          "stddev": 0.001725722330292378,
          "min": 0.34065985679626465,
          "max": 0.34465622901916504,
          "iterations": [
            0.34465622901916504,
            0.34065985679626465,
            0.3438694477081299,
            0.34354567527770996,
            0.3413209915161133
          ]
        }
      }
    },
    "core/memory_ordering/test_adjacent_counters": {
      "3.12.7": {
        "status": "baseline",
        "duration": 0.27652778625488283,
        "error": null,
        "relative_performance": null,
        "statistical_data": {
          "mean": 0.27652778625488283,
          "median": 0.27719736099243164,
          "stddev": 0.0020671070143747786,
          "min": 0.27288103103637695,
          "max": 0.27802038192749023,
          "iterations": [
            0.27802038192749023,
            0.27718424797058105,
            0.27719736099243164,
            0.2773559093475342,
            0.27288103103637695
          ]
        }
      },
      "3.13.0": {
        "status": "similar",
        "duration": 0.27126002311706543,
        "error": null,
        "relative_performance": "98.10%",
        "statistical_data": {
          "mean": 0.27126002311706543,
          "median": 0.2724013328552246,
          "stddev": 0.0024131446765990484,
          "min": 0.26821017265319824,
          "max": 0.27344322204589844,
          "iterations": [
            0.2691371440887451,
            0.27344322204589844,
            0.2724013328552246,
            0.27310824394226074,
            0.26821017265319824
          ]
        }
      },
      "3.13.0t": {
        "status": "degraded",
        "duration": 0.32169308662414553,
        "error": null,
        "relative_performance": "116.33%",
        "statistical_data": {
          "mean": 0.32169308662414553,
          "median": 0.3214120864868164,
          "stddev": 0.0007536356338052068,
          "min": 0.3209700584411621,
          "max": 0.32293200492858887,
          "iterations": [
            0.3214120864868164,
            0.32134366035461426,
            0.3209700584411621,
            0.3218076229095459,
            0.32293200492858887
          ]
        }
      }
    },
    "core/synchronization/test_lock_patterns": {
      "3.12.7": {
        "status": "baseline",
        "duration": 0.22404422760009765,
        "error": null,
        "relative_performance": null,
        "statistical_data": {
          "mean": 0.22404422760009765,
          "median": 0.23590445518493652,
          "stddev": 0.018192041955443952,
          "min": 0.19506454467773438,
          "max": 0.23627948760986328,