{
  "results": {
    "core/memory_ordering/test_cache_line_bouncing": {
      "3.12.7": {
        "status": "baseline",
        "duration": 1.3563759326934814,
        "error": null,
        "relative_performance": null,
        "statistical_data": {
          "mean": 1.3563759326934814,
          "median": 1.3664464950561523,
          "stddev": 0.02774158040868957,
          "min": 1.314554214477539,
          "max": 1.387749433517456,
          "iterations": [
            1.3675997257232666,
            1.3455297946929932,
            1.387749433517456,
            1.3664464950561523,
            1.314554214477539
          ]
        }
      },
      "3.13.0": {
        "status": "degraded",
        "duration": 2.6989444732666015,
        "error": null,
        "relative_performance": "198.98%",
        "statistical_data": {
          "mean": 2.6989444732666015,
          "median": 2.6991124153137207,
          "stddev": 0.008310196742245668,
          "min": 2.686999559402466,
          "max": 2.7103304862976074,
          "iterations": [
            2.6977596282958984,
            2.7103304862976074,
            2.6991124153137207,
            2.686999559402466,
            2.7005202770233154
          ]
        }
      },
      "3.13.0t": {
        "status": "degraded",
        "duration": 2.707466459274292,
        "error": null,
        "relative_performance": "199.61%",
        "statistical_data": {
          "mean": 2.707466459274292,
          "median": 2.7012693881988525,
          "stddev": 0.022728001066438533,
          "min": 2.6866509914398193,
          "max": 2.7455098628997803,
          "iterations": [
            2.708524465560913,
            2.7455098628997803,
            2.6953775882720947,
            2.7012693881988525,
            2.6866509914398193
          ]
        }
      }
    },
    "core/memory_ordering/test_adjacent_counters": {
      "3.12.7": {
        "status": "baseline",
        "duration": 0.4410993576049805,
        "error": null,
        "relative_performance": null,
        "statistical_data": {
          "mean": 0.4410993576049805,
          "median": 0.440812349319458,
          "stddev": 0.002057812353559367,
          "min": 0.4386301040649414,
          "max": 0.4432539939880371,
          "iterations": [
            0.4432539939880371,
            0.4386301040649414,
            0.440812349319458,
            0.44312286376953125,
            0.43967747688293457
          ]
        }
      },
      "3.13.0": {
        "status": "degraded",
        "duration": 0.8412873268127441,
        "error": null,
        "relative_performance": "190.73%",
        "statistical_data": {
          "mean": 0.8412873268127441,
          "median": 0.8414242267608643,
          "stddev": 0.0024627119480892974,
          "min": 0.8391091823577881,
          "max": 0.8451797962188721,
          "iterations": [
            0.8451797962188721,
            0.8415088653564453,
            0.839214563369751,
            0.8391091823577881,
            0.8414242267608643
          ]
        }
      },
      "3.13.0t": {
        "status": "degraded",
        "duration": 0.8430533885955811,
        "error": null,
        "relative_performance": "191.13%",
        "statistical_data": {
          "mean": 0.8430533885955811,
          "median": 0.8427066802978516,
          "stddev": 0.00292608496368141,
          "min": 0.8389217853546143,
          "max": 0.8459475040435791,
          "iterations": [
            0.8427066802978516,
            0.8459475040435791,
            0.8419184684753418,
            0.8457725048065186,
            0.8389217853546143
          ]
        }
      }
    },
    "core/memory_ordering/test_memory_barrier": {
      "3.12.7": {
        "status": "baseline",
        "duration": 1.0496139526367188,
        "error": null,
        "relative_performance": null,
        "statistical_data": {
          "mean": 1.0496139526367188,
          "median": 1.0498766899108887,
          "stddev": 0.0033815159183493804,
          "min": 1.044800043106079,
          "max": 1.0543296337127686,
          "iterations": [
            1.0498814582824707,
            1.0491819381713867,
            1.0543296337127686,
            1.044800043106079,
            1.0498766899108887
          ]
        }
      },
      "3.13.0": {
        "status": "improved",
        "duration": 0.02400379180908203,
        "error": null,
        "relative_performance": "2.29%",
        "statistical_data": {
          "mean": 0.02400379180908203,
          "median": 0.023865938186645508,
          "stddev": 0.00043457933796845415,
          "min": 0.023641347885131836,
          "max": 0.024744272232055664,
          "iterations": [
            0.02376556396484375,
            0.024744272232055664,
            0.023641347885131836,
            0.0240018367767334,
            0.023865938186645508
          ]
        }
      },
      "3.13.0t": {
        "status": "improved",
        "duration": 0.02372918128967285,
        "error": null,
        "relative_performance": "2.26%",
        "statistical_data": {
          "mean": 0.02372918128967285,
          "median": 0.023784637451171875,
          "stddev": 0.00015023762834541965,
          "min": 0.023567914962768555,
          "max": 0.02390265464782715,
          "iterations": [
            0.02390265464782715,
            0.023575305938720703,
            0.023567914962768555,
            0.023784637451171875,
            0.023815393447875977
          ]
        }
      }
    },
    "core/memory_ordering/test_padded_counters": {
      "3.12.7": {
        "status": "baseline",
        "duration": 0.2340395450592041,
        "error": null,
        "relative_performance": null,
        "statistical_data": {
          "mean": 0.2340395450592041,
          "median": 0.23376131057739258,
          "stddev": 0.0014107294213035035,
          "min": 0.23252391815185547,
          "max": 0.23636651039123535,
          "iterations": [
            0.23389387130737305,
            0.23252391815185547,
            0.23365211486816406,
            0.23636651039123535,
            0.23376131057739258
          ]
        }
      },
      "3.13.0": {
        "status": "degraded",
        "duration": 0.29320511817932127,
        "error": null,
        "relative_performance": "125.28%",
        "statistical_data": {
          "mean": 0.29320511817932127,
          "median": 0.2926607131958008,
          "stddev": 0.0022217888944131535,
          "min": 0.2910287380218506,
          "max": 0.2969248294830322,
          "iterations": [
            0.2926607131958008,
            0.2910287380218506,
            0.2931399345397949,
            0.29227137565612793,
            0.2969248294830322
          ]
        }
      },
      "3.13.0t": {
        "status": "degraded",
        "duration": 0.292224645614624,
        "error": null,
        "relative_performance": "124.86%",
        "statistical_data": {
          "mean": 0.292224645614624,
          "median": 0.29122495651245117,
          "stddev": 0.00296347785193093,
          "min": 0.2892937660217285,
          "max": 0.2963135242462158,
          "iterations": [
            0.29004693031311035,
            0.29424405097961426,
            0.2892937660217285,
            0.29122495651245117,
            0.2963135242462158
          ]
        }
      }
    },
    "versions_info": {
      "versions": [
        "3.12.7",
        "3.13.0",
        "3.13.0t"
      ],
      "baseline": "3.12.7",
      "metadata": {
        "3.12.7": {
          "type": "baseline"
        },
        "3.13.0": {
          "type": "release"
        },
        "3.13.0t": {
          "type": "experimental"
        }
      }
    }
  },
  "system_info": {
    "cpu_count": 4,
    "memory_total": 16757342208,
    "os_info": "Linux 6.5.0-1025-azure",
    "cpu_freq": {
      "current": 2922.79575,
      "min": 0.0,
      "max": 0.0
    },