{
  "results": {
    "core/refcounting/test_local_objects": {
      "3.12.7": {
        "status": "baseline",
        "duration": 1.6005435466766358,
        "error": null,
        "relative_performance": null,
        "statistical_data": {
          "mean": 1.6005435466766358,
          "median": 1.5859906673431396,
          "stddev": 0.04602809528079331,
          "min": 1.5668601989746094,
          "max": 1.6814610958099365,
          "iterations": [
            1.5793912410736084,
            1.5859906673431396,
            1.5890145301818848,
            1.5668601989746094,
            1.6814610958099365
          ]
        }
      },
      "3.13.0": {
        "status": "degraded",
        "duration": 1.879458475112915,
        "error": null,
        "relative_performance": "117.43%",
        "statistical_data": {
          "mean": 1.879458475112915,
          "median": 1.8443477153778076,
          "stddev": 0.06760334074365783,
          "min": 1.823329210281372,
          "max": 1.979797124862671,
          "iterations": [
            1.918431282043457,
            1.979797124862671,
            1.8313870429992676,
            1.823329210281372,
            1.8443477153778076
          ]
        }
      },
      "3.13.0t": {
        "status": "degraded",
        "duration": 1.829051923751831,
        "error": null,
        "relative_performance": "114.28%",
        "statistical_data": {
          "mean": 1.829051923751831,
          "median": 1.8248767852783203,
          "stddev": 0.046327550815671456,
          "min": 1.7582736015319824,
          "max": 1.8741035461425781,
          "iterations": [
            1.7582736015319824,
            1.820751428604126,
            1.8741035461425781,
            1.8672542572021484,
            1.8248767852783203
          ]
        }
      }
    },
    "core/refcounting/test_cross_thread_objects": {
      "3.12.7": {
        "status": "baseline",
        "duration": 6.339545583724975,
        "error": null,
        "relative_performance": null,
        "statistical_data": {
          "mean": 6.339545583724975,
          "median": 6.345025539398193,
          "stddev": 0.39015381548403005,
          "min": 5.905313014984131,
          "max": 6.828834533691406,
          "iterations": [
            6.345025539398193,
            6.828834533691406,
            6.010065078735352,
            5.905313014984131,
            6.608489751815796
          ]
        }
      },
      "3.13.0": {
        "status": "degraded",
        "duration": 8.114674806594849,
        "error": null,
        "relative_performance": "128.00%",
        "statistical_data": {
          "mean": 8.114674806594849,
          "median": 8.06940507888794,
          "stddev": 0.16858370359267466,
          "min": 7.887591600418091,
          "max": 8.303090572357178,
          "iterations": [
            7.887591600418091,
            8.06940507888794,
            8.259216547012329,
            8.054070234298706,
            8.303090572357178
          ]
        }
      },
      "3.13.0t": {
        "status": "degraded",
        "duration": 8.066680526733398,
        "error": null,
        "relative_performance": "127.24%",
        "statistical_data": {
          "mean": 8.066680526733398,
          "median": 8.092540264129639,
          "stddev": 0.11075969367933768,
          "min": 7.8889124393463135,
          "max": 8.162446975708008,
          "iterations": [
            8.092540264129639,
            8.039735794067383,
            8.162446975708008,
            7.8889124393463135,
            8.14976716041565
          ]
        }
      }
    },
    "core/specialization/test_typed_operations": {
      "3.12.7": {
        "status": "baseline",
        "duration": 0.8032131671905518,
        "error": null,
        "relative_performance": null,
        "statistical_data": {
          "mean": 0.8032131671905518,
          "median": 0.8252468109130859,
          "stddev": 0.03338702862623678,
          "min": 0.7546203136444092,
          "max": 0.8278584480285645,
          "iterations": [
            0.8252468109130859,
            0.7546203136444092,
            0.8278584480285645,
            0.8265621662139893,
            0.78177809715271
          ]
        }
      },
      "3.13.0": {
        "status": "degraded",
        "duration": 1.0270021915435792,
        "error": null,
        "relative_performance": "127.86%",
        "statistical_data": {
          "mean": 1.0270021915435792,
          "median": 1.029902696609497,
          "stddev": 0.015668765356374813,
          "min": 1.0037906169891357,
          "max": 1.043419599533081,
          "iterations": [
            1.037829875946045,
            1.0200681686401367,
            1.0037906169891357,
            1.029902696609497,
            1.043419599533081
          ]
        }
      },
      "3.13.0t": {
        "status": "degraded",
        "duration": 1.0172213554382323,
        "error": null,
        "relative_performance": "126.64%",
        "statistical_data": {
          "mean": 1.0172213554382323,
          "median": 1.0183234214782715,
          "stddev": 0.02488422515587107,
          "min": 0.978226900100708,
          "max": 1.0426788330078125,
          "iterations": [
            0.978226900100708,
            1.0426788330078125,
            1.034156084060669,
            1.0127215385437012,
            1.0183234214782715
          ]
        }
      }
    },
    "core/specialization/test_dynamic_operations": {
      "3.12.7": {
        "status": "baseline",
        "duration": 0.8202803611755372,
        "error": null,
        "relative_performance": null,
        "statistical_data": {
          "mean": 0.8202803611755372,
          "median": 0.8195514678955078,
          "stddev": 0.0048200954337406865,
          "min": 0.8140225410461426,
          "max": 0.8273894786834717,
          "iterations": [
            0.8273894786834717,
            0.8190584182739258,
            0.8140225410461426,
            0.8213798999786377,
            0.8195514678955078
          ]
        }
      },
      "3.13.0": {
        "status": "degraded",
        "duration": 1.0462241649627686,
        "error": null,
        "relative_performance": "127.54%",
        "statistical_data": {
          "mean": 1.0462241649627686,
          "median": 1.0653436183929443,
          "stddev": 0.05322493507583578,
          "min": 0.9544122219085693,
          "max": 1.0844533443450928,
          "iterations": [
            1.0844533443450928,
            1.0789680480957031,
            0.9544122219085693,
            1.0653436183929443,
            1.0479435920715332
          ]
        }
      },
      "3.13.0t": {
        "status": "degraded",
        "duration": 1.0609772205352783,
        "error": null,
        "relative_performance": "129.34%",
        "statistical_data": {
          "mean": 1.0609772205352783,
          "median": 1.0619072914123535,
          "stddev": 0.01540821516855555,
          "min": 1.040207862854004,
          "max": 1.0760138034820557,
          "iterations": [
            1.0515508651733398,
            1.0752062797546387,
            1.040207862854004,
            1.0619072914123535,
            1.0760138034820557
          ]
        }
      }
    },
    "versions_info": {
      "versions": [
        "3.12.7",
        "3.13.0",
        "3.13.0t"
      ],
      "baseline": "3.12.7",
      "metadata": {
        "3.12.7": {
          "type": "baseline"
        },
        "3.13.0": {
          "type": "release"
        },
        "3.13.0t": {
          "type": "experimental"
        }
      }
    }
  },
  "system_info": {
    "cpu_count": 4,
    "memory_total": 16757338112,
    "os_info": "Linux 6.5.0-1025-azure",
    "cpu_freq": {
      "current": 2950.1625,
      "min": 0.0,
      "max": 0.0
    },
    "load_avg": [
      0.6201171875,
      0.19189453125,
      0.064453125
    ]
  },
  "run_config": {
    "iterations": 5,