{
  "results": {
    "cpu/recursive/test_fibonacci": {
      "3.12.7": {
        "status": "baseline",
        "duration": 1.1935897827148438,
        "error": null,
        "relative_performance": null,
        "statistical_data": {
          "mean": 1.1935897827148438,
          "median": 1.19136643409729,
          "stddev": 0.009872461825438597,
          "min": 1.1825792789459229,
          "max": 1.204676866531372,
          "iterations": [
            1.2029836177825928,
            1.204676866531372,
            1.186342716217041,
            1.1825792789459229,
            1.19136643409729
          ]
        }
      },
      "3.13.0t": {
        "status": "degraded",
        "duration": 2.652522850036621,
        "error": null,
        "relative_performance": "222.23%",
        "statistical_data": {
          "mean": 2.652522850036621,
          "median": 2.6626391410827637,
          "stddev": 0.04728001236988024,
          "min": 2.5754494667053223,
          "max": 2.693880319595337,
          "iterations": [
            2.644576072692871,
            2.6626391410827637,
            2.6860692501068115,
            2.693880319595337,
            2.5754494667053223
          ]
        }
      }
    },
    "versions_info": {
      "versions": [
        "3.12.7",
        "3.13.0t"
      ],
      "baseline": "3.12.7",
      "metadata": {
        "3.12.7": {
          "type": "baseline"
        },
        "3.13.0t": {
          "type": "experimental"
        }
      }
    }
  },
  "system_info": {
    "cpu_count": 4,
    "memory_total": 16757342208,
    "os_info": "Linux 6.5.0-1025-azure",
    "cpu_freq": {
      "current": 2911.974,
      "min": 0.0,
      "max": 0.0
    },
    "load_avg": [
      2.94482421875,
      1.67431640625,
      0.705078125
    ]
  },
  "run_config": {
    "iterations": 5,
    "profile_level": "basic",
    "benchmarks": null
  }
}