{
  "results": {
    "core/memory_ordering/test_cache_line_bouncing": {
      "3.12.7": {
        "status": "baseline",
        "duration": 1.3436379432678223,
        "error": null,
        "relative_performance": null,
        "statistical_data": {
          "mean": 1.3436379432678223,
          "median": 1.3487968444824219,
          "stddev": 0.015960461542955193,
          "min": 1.3235626220703125,
          "max": 1.358797550201416,
          "iterations": [
            1.3235626220703125,
            1.3301098346710205,
            1.3487968444824219,
            1.358797550201416,
            1.3569228649139404
          ]
        }
      },
      "3.13.0": {
        "status": "degraded",
        "duration": 2.6547688484191894,
        "error": null,
        "relative_performance": "197.58%",
        "statistical_data": {
          "mean": 2.6547688484191894,
          "median": 2.6555867195129395,
          "stddev": 0.008070620875568807,
          "min": 2.643237829208374,
          "max": 2.665769338607788,
          "iterations": [
            2.665769338607788,
            2.6563360691070557,
            2.65291428565979,
            2.6555867195129395,
            2.643237829208374
          ]
        }
      },
      "3.13.0t": {
        "status": "degraded",
        "duration": 2.6481295585632325,
        "error": null,
        "relative_performance": "197.09%",
        "statistical_data": {
          "mean": 2.6481295585632325,
          "median": 2.647395133972168,
          "stddev": 0.008275456329449206,
          "min": 2.6394031047821045,
          "max": 2.660161256790161,
          "iterations": [
            2.64188551902771,
            2.6394031047821045,
            2.647395133972168,
            2.6518027782440186,
            2.660161256790161
          ]
        }
      }
    },
    "core/memory_ordering/test_adjacent_counters": {
      "3.12.7": {
        "status": "baseline",
        "duration": 0.4401496410369873,
        "error": null,
        "relative_performance": null,
        "statistical_data": {
          "mean": 0.4401496410369873,
          "median": 0.4405686855316162,
          "stddev": 0.003090811257235871,
          "min": 0.43697571754455566,
          "max": 0.44483399391174316,
          "iterations": [
            0.44483399391174316,
            0.4405686855316162,
            0.43697571754455566,
            0.440626859664917,
            0.4377429485321045
          ]
        }
      },
      "3.13.0": {
        "status": "degraded",
        "duration": 0.81083083152771,
        "error": null,
        "relative_performance": "184.22%",
        "statistical_data": {
          "mean": 0.81083083152771,
          "median": 0.8077363967895508,
          "stddev": 0.007749135573187692,
          "min": 0.8063044548034668,
          "max": 0.8246424198150635,
          "iterations": [
            0.8074114322662354,
            0.8080594539642334,
            0.8246424198150635,
            0.8063044548034668,
            0.8077363967895508
          ]
        }
      },
      "3.13.0t": {
        "status": "degraded",
        "duration": 0.8087978363037109,
        "error": null,
        "relative_performance": "183.76%",
        "statistical_data": {
          "mean": 0.8087978363037109,
          "median": 0.807908296585083,
          "stddev": 0.003192670732899051,
          "min": 0.8054850101470947,
          "max": 0.8135740756988525,
          "iterations": [
            0.8067746162414551,
            0.807908296585083,
            0.8054850101470947,
            0.8135740756988525,
            0.8102471828460693
          ]
        }
      }
    },
    "core/memory_ordering/test_memory_barrier": {
      "3.12.7": {
        "status": "baseline",
        "duration": 1.0513335704803466,
        "error": null,
        "relative_performance": null,
        "statistical_data": {
          "mean": 1.0513335704803466,
          "median": 1.0500516891479492,
          "stddev": 0.002461519101510602,
          "min": 1.0488297939300537,
          "max": 1.0542864799499512,
          "iterations": [
            1.0498449802398682,
            1.0542864799499512,
            1.0536549091339111,
            1.0488297939300537,
            1.0500516891479492
          ]
        }
      },
      "3.13.0": {
        "status": "improved",
        "duration": 0.024449825286865234,
        "error": null,
        "relative_performance": "2.33%",
        "statistical_data": {
          "mean": 0.024449825286865234,
          "median": 0.024218320846557617,
          "stddev": 0.0005901077777035917,
          "min": 0.023839473724365234,
          "max": 0.025374174118041992,
          "iterations": [
            0.025374174118041992,
            0.024218320846557617,
            0.024641990661621094,
            0.023839473724365234,
            0.024175167083740234
          ]
        }
      },
      "3.13.0t": {
        "status": "improved",
        "duration": 0.024101448059082032,
        "error": null,
        "relative_performance": "2.29%",
        "statistical_data": {
          "mean": 0.024101448059082032,
          "median": 0.023816347122192383,
          "stddev": 0.00046663432673599054,
          "min": 0.023688316345214844,
          "max": 0.024710893630981445,
          "iterations": [
            0.023816347122192383,
            0.023796796798706055,
            0.023688316345214844,
            0.024710893630981445,
            0.02449488639831543
          ]
        }
      }
    },
    "core/memory_ordering/test_padded_counters": {
      "3.12.7": {
        "status": "baseline",
        "duration": 0.23392076492309571,
        "error": null,
        "relative_performance": null,
        "statistical_data": {
          "mean": 0.23392076492309571,
          "median": 0.2329235076904297,
          "stddev": 0.0020376272221179713,
          "min": 0.23207855224609375,
          "max": 0.23716282844543457,
          "iterations": [
            0.23207855224609375,
            0.2329235076904297,
            0.23716282844543457,
            0.2328174114227295,
            0.23462152481079102
          ]
        }
      },
      "3.13.0": {
        "status": "degraded",
        "duration": 0.29167351722717283,
        "error": null,
        "relative_performance": "124.69%",
        "statistical_data": {
          "mean": 0.29167351722717283,
          "median": 0.29240989685058594,
          "stddev": 0.0016059378592348564,
          "min": 0.2898595333099365,
          "max": 0.2934572696685791,
          "iterations": [
            0.2925558090209961,
            0.2898595333099365,
            0.2900850772857666,
            0.29240989685058594,
            0.2934572696685791
          ]
        }
      },
      "3.13.0t": {
        "status": "degraded",
        "duration": 0.29279475212097167,
        "error": null,
        "relative_performance": "125.17%",
        "statistical_data": {
          "mean": 0.29279475212097167,
          "median": 0.2917158603668213,
          "stddev": 0.002329751338045753,
          "min": 0.2911543846130371,
          "max": 0.29686856269836426,
          "iterations": [
            0.29686856269836426,
            0.29253149032592773,
            0.291703462600708,
            0.2911543846130371,
            0.2917158603668213
          ]
        }
      }
    },
    "core/synchronization/test_lock_patterns": {
      "3.12.7": {
        "status": "baseline",
        "duration": 0.2488234043121338,
        "error": null,
        "relative_performance": null,
        "statistical_data": {
          "mean": 0.2488234043121338,
          "median": 0.25297021865844727,
          "stddev": 0.00980347911263014,
          "min": 0.2313404083251953,
          "max": 0.25409817695617676,