{
  "results": {
    "memory/ref_counting/test_cross_thread": {
      "3.12.7": {
        "status": "baseline",
        "duration": 0.5696169853210449,
        "error": null,
        "relative_performance": null,
        "statistical_data": {
          "mean": 0.5696169853210449,
          "median": 0.568911075592041,
          "stddev": 0.0029016982738598106,
          "min": 0.565593957901001,
          "max": 0.5728414058685303,
          "iterations": [
            0.5728414058685303,
            0.5687158107757568,
            0.568911075592041,
            0.565593957901001,
            0.5720226764678955
          ]
        }
      },
      "3.13.0": {
        "status": "degraded",
        "duration": 1.1295878410339355,
        "error": null,
        "relative_performance": "198.31%",
        "statistical_data": {
          "mean": 1.1295878410339355,
          "median": 1.080150842666626,
          "stddev": 0.07873719382034601,
          "min": 1.0681695938110352,
          "max": 1.223118543624878,
          "iterations": [
            1.0686659812927246,
            1.0681695938110352,
            1.080150842666626,
            1.207834243774414,
            1.223118543624878
          ]
        }
      },
      "3.13.0t": {
        "status": "degraded",
        "duration": 1.1085240364074707,
        "error": null,
        "relative_performance": "194.61%",
        "statistical_data": {
          "mean": 1.1085240364074707,
          "median": 1.087111473083496,
          "stddev": 0.09744239306916154,
          "min": 1.027578353881836,
          "max": 1.2630407810211182,
          "iterations": [
            1.0289018154144287,
            1.027578353881836,
            1.1359877586364746,
            1.087111473083496,
            1.2630407810211182
          ]
        }
      }
    },
    "memory/ref_counting/test_thread_local": {
      "3.12.7": {
        "status": "baseline",
        "duration": 0.8356229782104492,
        "error": null,
        "relative_performance": null,
        "statistical_data": {
          "mean": 0.8356229782104492,
          "median": 0.8335480690002441,
          "stddev": 0.0067272477571652,
          "min": 0.8299458026885986,
          "max": 0.8463387489318848,
          "iterations": [
            0.8299458026885986,
            0.8463387489318848,
            0.8305866718292236,
            0.8376955986022949,
            0.8335480690002441
          ]
        }
      },
      "3.13.0": {
        "status": "improved",
        "duration": 0.47108659744262693,
        "error": null,
        "relative_performance": "56.38%",
        "statistical_data": {
          "mean": 0.47108659744262693,
          "median": 0.4697251319885254,
          "stddev": 0.007356756136974594,
          "min": 0.461214542388916,
          "max": 0.4793546199798584,
          "iterations": [
            0.461214542388916,
            0.46785664558410645,
            0.4793546199798584,
            0.4697251319885254,
            0.4772820472717285
          ]
        }
      },
      "3.13.0t": {
        "status": "improved",
        "duration": 0.4656946659088135,
        "error": null,
        "relative_performance": "55.73%",
        "statistical_data": {
          "mean": 0.4656946659088135,
          "median": 0.46672701835632324,
          "stddev": 0.004852425378498931,
          "min": 0.4601404666900635,
          "max": 0.4726283550262451,
          "iterations": [
            0.4601404666900635,
            0.46686410903930664,
            0.46672701835632324,
            0.4621133804321289,
            0.4726283550262451
          ]
        }
      }
    },
    "versions_info": {
      "versions": [
        "3.12.7",
        "3.13.0",
        "3.13.0t"
      ],
      "baseline": "3.12.7",
      "metadata": {
        "3.12.7": {
          "type": "baseline"
        },
        "3.13.0": {
          "type": "release"
        },
        "3.13.0t": {
          "type": "experimental"
        }
      }
    }
  },
  "system_info": {
    "cpu_count": 4,
    "memory_total": 16757342208,
    "os_info": "Linux 6.5.0-1025-azure",
    "cpu_freq": {
      "current": 2970.1717499999995,
      "min": 0.0,
      "max": 0.0
    },
    "load_avg": [
      0.64599609375,
      0.2373046875,
      0.08642578125
    ],
    "cpu_affinity": "cores 0-3"
  },
  "run_config": {
    "iterations": 5,
    "profile_level": "basic",
    "benchmarks": null
  }
}