{
  "results": {
    "memory/ref_counting/test_thread_local": {
      "3.12.7": {
        "status": "baseline",
        "duration": 0.42774357795715334,
        "error": null,
        "relative_performance": null,
        "statistical_data": {
          "mean": 0.42774357795715334,
          "median": 0.42752647399902344,
          "stddev": 0.0029124124637148153,
          "min": 0.42525553703308105,
          "max": 0.43236637115478516,
          "iterations": [
            0.43236637115478516,
            0.42752647399902344,
            0.4282817840576172,
            0.42528772354125977,
            0.42525553703308105
          ]
        }
      },
      "3.13.0": {
        "status": "improved",
        "duration": 0.37336292266845705,
        "error": null,
        "relative_performance": "87.29%",
        "statistical_data": {
          "mean": 0.37336292266845705,
          "median": 0.37285876274108887,
          "stddev": 0.0028157231446345986,
          "min": 0.3694891929626465,
          "max": 0.37699437141418457,
          "iterations": [
            0.37699437141418457,
            0.37285876274108887,
            0.372514009475708,
            0.3694891929626465,
            0.3749582767486572
          ]
        }
      },
      "3.13.0t": {
        "status": "degraded",
        "duration": 0.522922134399414,
        "error": null,
        "relative_performance": "122.25%",
        "statistical_data": {
          "mean": 0.522922134399414,
          "median": 0.5226116180419922,
          "stddev": 0.0030397497547977144,
          "min": 0.5196754932403564,
          "max": 0.5276162624359131,
          "iterations": [
            0.5276162624359131,
            0.5210041999816895,
            0.5237030982971191,
            0.5196754932403564,
            0.5226116180419922
          ]
        }
      }
    },
    "memory/ref_counting/test_cross_thread": {
      "3.12.7": {
        "status": "baseline",
        "duration": 0.26932811737060547,
        "error": null,
        "relative_performance": null,
        "statistical_data": {
          "mean": 0.26932811737060547,
          "median": 0.26938390731811523,
          "stddev": 0.0014989637636081052,
          "min": 0.2678089141845703,
          "max": 0.27097558975219727,
          "iterations": [
            0.27097558975219727,
            0.27064061164855957,
            0.2678089141845703,
            0.26783156394958496,
            0.26938390731811523
          ]
        }
      },
      "3.13.0": {
        "status": "improved",
        "duration": 0.23521981239318848,
        "error": null,
        "relative_performance": "87.34%",
        "statistical_data": {
          "mean": 0.23521981239318848,
          "median": 0.23565340042114258,
          "stddev": 0.001415764841379228,
          "min": 0.2332780361175537,
          "max": 0.23667120933532715,
          "iterations": [
            0.23667120933532715,
            0.2332780361175537,
            0.23426055908203125,
            0.2362358570098877,
            0.23565340042114258
          ]
        }
      },
      "3.13.0t": {
        "status": "degraded",
        "duration": 0.4149495601654053,
        "error": null,
        "relative_performance": "154.07%",
        "statistical_data": {
          "mean": 0.4149495601654053,
          "median": 0.41501879692077637,
          "stddev": 0.0013730744826123773,
          "min": 0.4134368896484375,
          "max": 0.41698622703552246,
          "iterations": [
            0.4139730930328369,
            0.41501879692077637,
            0.4153327941894531,
            0.4134368896484375,
            0.41698622703552246
          ]
        }
      }
    },
    "versions_info": {
      "versions": [
        "3.12.7",
        "3.13.0",
        "3.13.0t"
      ],
      "baseline": "3.12.7",
      "metadata": {
        "3.12.7": {
          "type": "baseline"
        },
        "3.13.0": {
          "type": "release"
        },
        "3.13.0t": {
          "type": "experimental"
        }
      }
    }
  },
  "system_info": {
    "cpu_count": 20,
    "memory_total": 67185524736,
    "os_info": "Linux 6.8.0-47-generic",
    "cpu_freq": {
      "current": 815.2366999999999,
      "min": 800.0,
      "max": 4650.0
    },
    "load_avg": [
      2.34765625,
      2.62841796875,
      2.05517578125
    ],
    "cpu_affinity": "cores 2-7"
  },
  "run_config": {
    "iterations": 5,
    "profile_level": "basic",
    "benchmarks": null
  }
}