{
  "results": {
    "core/memory_ordering/test_memory_barrier": {
      "3.12.7": {
        "status": "baseline",
        "duration": 1.8005203247070312,
        "error": null,
        "relative_performance": null,
        "statistical_data": {
          "mean": 1.8005203247070312,
          "median": 1.7990853786468506,
          "stddev": 0.002464043117077885,
          "min": 1.798827886581421,
          "max": 1.8046023845672607,
          "iterations": [
            1.8011021614074707,
            1.798827886581421,
            1.8046023845672607,
            1.7989838123321533,
            1.7990853786468506
          ]
        }
      },
      "3.13.0": {
        "status": "similar",
        "duration": 1.7919249057769775,
        "error": null,
        "relative_performance": "99.52%",
        "statistical_data": {
          "mean": 1.7919249057769775,
          "median": 1.7899985313415527,
          "stddev": 0.003987496110516328,
          "min": 1.789374828338623,
          "max": 1.7989449501037598,
          "iterations": [
            1.7913129329681396,
            1.7989449501037598,
            1.7899932861328125,
            1.7899985313415527,
            1.789374828338623
          ]
        }
      },
      "3.13.0t": {
        "status": "improved",
        "duration": 0.8029049873352051,
        "error": null,
        "relative_performance": "44.59%",
        "statistical_data": {
          "mean": 0.8029049873352051,
          "median": 0.795982837677002,
          "stddev": 0.016964060602450322,
          "min": 0.7883884906768799,
          "max": 0.8271000385284424,
          "iterations": [
            0.789212703704834,
            0.8271000385284424,
            0.8138408660888672,
            0.795982837677002,
            0.7883884906768799
          ]
        }
      }
    },
    "core/memory_ordering/test_cache_line_bouncing": {
      "3.12.7": {
        "status": "baseline",
        "duration": 0.8080221176147461,
        "error": null,
        "relative_performance": null,
        "statistical_data": {
          "mean": 0.8080221176147461,
          "median": 0.8036718368530273,
          "stddev": 0.019629503981653088,
          "min": 0.7876343727111816,
          "max": 0.8303864002227783,
          "iterations": [
            0.8265829086303711,
            0.8303864002227783,
            0.8036718368530273,
            0.7876343727111816,
            0.7918350696563721
          ]
        }
      },
      "3.13.0": {
        "status": "similar",
        "duration": 0.8035075664520264,
        "error": null,
        "relative_performance": "99.44%",
        "statistical_data": {
          "mean": 0.8035075664520264,
          "median": 0.8018519878387451,
          "stddev": 0.0035286345189687743,
          "min": 0.8002841472625732,
          "max": 0.8091251850128174,
          "iterations": [
            0.8015820980072021,
            0.804694414138794,
            0.8002841472625732,
            0.8018519878387451,
            0.8091251850128174
          ]
        }
      },
      "3.13.0t": {
        "status": "degraded",
        "duration": 1.0083874225616456,
        "error": null,
        "relative_performance": "124.80%",
        "statistical_data": {
          "mean": 1.0083874225616456,
          "median": 1.0099892616271973,
          "stddev": 0.004788210364669418,
          "min": 1.0031888484954834,
          "max": 1.012787103652954,
          "iterations": [
            1.0031888484954834,
            1.012787103652954,
            1.0099892616271973,
            1.0033795833587646,
            1.0125923156738281
          ]
        }
      }
    },
    "core/memory_ordering/test_padded_counters": {
      "3.12.7": {
        "status": "baseline",
        "duration": 0.13303399085998535,
        "error": null,
        "relative_performance": null,
        "statistical_data": {
          "mean": 0.13303399085998535,
          "median": 0.13275551795959473,
          "stddev": 0.0008342683083402947,
          "min": 0.1320815086364746,
          "max": 0.1342768669128418,
          "iterations": [
            0.1342768669128418,
            0.13275551795959473,
            0.13338470458984375,
            0.13267135620117188,
            0.1320815086364746
          ]
        }
      },
      "3.13.0": {
        "status": "similar",
        "duration": 0.1306313991546631,
        "error": null,
        "relative_performance": "98.19%",
        "statistical_data": {
          "mean": 0.1306313991546631,
          "median": 0.1312241554260254,
          "stddev": 0.0019073703541114889,
          "min": 0.1284170150756836,
          "max": 0.13257431983947754,
          "iterations": [
            0.13257431983947754,
            0.132124662399292,
            0.1312241554260254,
            0.12881684303283691,
            0.1284170150756836
          ]
        }
      },
      "3.13.0t": {
        "status": "degraded",
        "duration": 0.34431748390197753,
        "error": null,
        "relative_performance": "258.82%",
        "statistical_data": {
          "mean": 0.34431748390197753,
          "median": 0.3438558578491211,
          "stddev": 0.003310386346796834,
          "min": 0.3394937515258789,
          "max": 0.3485298156738281,
          "iterations": [
            0.3394937515258789,
            0.3438558578491211,
            0.3485298156738281,
            0.34586238861083984,
            0.3438456058502197
          ]
        }
      }
    },
    "core/memory_ordering/test_adjacent_counters": {
      "3.12.7": {
        "status": "baseline",
        "duration": 0.27923016548156737,
        "error": null,
        "relative_performance": null,
        "statistical_data": {
          "mean": 0.27923016548156737,
          "median": 0.2772183418273926,
          "stddev": 0.004673065866335277,
          "min": 0.27568912506103516,
          "max": 0.2873504161834717,
          "iterations": [
            0.2772183418273926,
            0.2770719528198242,
            0.2873504161834717,
            0.2788209915161133,
            0.27568912506103516
          ]
        }
      },
      "3.13.0": {
        "status": "similar",
        "duration": 0.27382888793945315,
        "error": null,
        "relative_performance": "98.07%",
        "statistical_data": {
          "mean": 0.27382888793945315,
          "median": 0.27316975593566895,
          "stddev": 0.0019109323005271643,
          "min": 0.2724647521972656,
          "max": 0.277202844619751,
          "iterations": [
            0.27306532859802246,
            0.27316975593566895,
            0.277202844619751,
            0.2732417583465576,
            0.2724647521972656
          ]
        }
      },
      "3.13.0t": {
        "status": "degraded",
        "duration": 0.32378010749816893,
        "error": null,
        "relative_performance": "115.95%",
        "statistical_data": {
          "mean": 0.32378010749816893,
          "median": 0.3220503330230713,
          "stddev": 0.0035287689491503215,
          "min": 0.3208174705505371,
          "max": 0.3295779228210449,
          "iterations": [
            0.32184648513793945,
            0.3208174705505371,
            0.3295779228210449,
            0.3220503330230713,
            0.32460832595825195
          ]
        }
      }
    },
    "core/synchronization/test_lock_patterns": {
      "3.12.7": {
        "status": "baseline",
        "duration": 0.22156896591186523,
        "error": null,
        "relative_performance": null,
        "statistical_data": {
          "mean": 0.22156896591186523,
          "median": 0.23527264595031738,
          "stddev": 0.02071479345807551,
          "min": 0.18935704231262207,
          "max": 0.23598146438598633,