{
  "results": {
    "core/memory_ordering/test_memory_barrier": {
      "3.12.7": {
        "status": "baseline",
        "duration": 1.798526906967163,
        "error": null,
        "relative_performance": null,
        "statistical_data": {
          "mean": 1.798526906967163,
          "median": 1.7991797924041748,
          "stddev": 0.0013275709826235987,
          "min": 1.7968156337738037,
          "max": 1.7996344566345215,
          "iterations": [
            1.7996344566345215,
            1.7991797924041748,
            1.7968156337738037,
            1.797391653060913,
            1.7996129989624023
          ]
        }
      },
      "3.13.0": {
        "status": "similar",
        "duration": 1.790442132949829,
        "error": null,
        "relative_performance": "99.55%",
        "statistical_data": {
          "mean": 1.790442132949829,
          "median": 1.7909553050994873,
          "stddev": 0.002293118313295785,
          "min": 1.7867143154144287,
          "max": 1.7930052280426025,
          "iterations": [
            1.7905535697937012,
            1.7867143154144287,
            1.7909822463989258,
            1.7909553050994873,
            1.7930052280426025
          ]
        }
      },
      "3.13.0t": {
        "status": "improved",
        "duration": 0.801103925704956,
        "error": null,
        "relative_performance": "44.54%",
        "statistical_data": {
          "mean": 0.801103925704956,
          "median": 0.8049888610839844,
          "stddev": 0.007084187542567047,
          "min": 0.7905969619750977,
          "max": 0.8069994449615479,
          "iterations": [
            0.7905969619750977,
            0.8059523105621338,
            0.8069994449615479,
            0.7969820499420166,
            0.8049888610839844
          ]
        }
      }
    },
    "core/memory_ordering/test_cache_line_bouncing": {
      "3.12.7": {
        "status": "baseline",
        "duration": 0.7995917320251464,
        "error": null,
        "relative_performance": null,
        "statistical_data": {
          "mean": 0.7995917320251464,
          "median": 0.7996945381164551,
          "stddev": 0.004742327541471045,
          "min": 0.793912410736084,
          "max": 0.8066697120666504,
          "iterations": [
            0.793912410736084,
            0.8066697120666504,
            0.8006393909454346,
            0.7970426082611084,
            0.7996945381164551
          ]
        }
      },
      "3.13.0": {
        "status": "similar",
        "duration": 0.7877790927886963,
        "error": null,
        "relative_performance": "98.52%",
        "statistical_data": {
          "mean": 0.7877790927886963,
          "median": 0.7841548919677734,
          "stddev": 0.012967885723938696,
          "min": 0.7702820301055908,
          "max": 0.8007340431213379,
          "iterations": [
            0.7841548919677734,
            0.7831385135650635,
            0.8005859851837158,
            0.8007340431213379,
            0.7702820301055908
          ]
        }
      },
      "3.13.0t": {
        "status": "degraded",
        "duration": 0.9869388103485107,
        "error": null,
        "relative_performance": "123.43%",
        "statistical_data": {
          "mean": 0.9869388103485107,
          "median": 0.9865808486938477,
          "stddev": 0.0013117745004026186,
          "min": 0.9857127666473389,
          "max": 0.9888558387756348,
          "iterations": [
            0.9859001636505127,
            0.9865808486938477,
            0.9888558387756348,
            0.9876444339752197,
            0.9857127666473389
          ]
        }
      }
    },
    "core/memory_ordering/test_padded_counters": {
      "3.12.7": {
        "status": "baseline",
        "duration": 0.13098883628845215,
        "error": null,
        "relative_performance": null,
        "statistical_data": {
          "mean": 0.13098883628845215,
          "median": 0.13094377517700195,
          "stddev": 0.0005395391637397051,
          "min": 0.13046884536743164,
          "max": 0.13168883323669434,
          "iterations": [
            0.13168883323669434,
            0.13046884536743164,
            0.13094377517700195,
            0.1313645839691162,
            0.1304781436920166
          ]
        }
      },
      "3.13.0": {
        "status": "similar",
        "duration": 0.12874917984008788,
        "error": null,
        "relative_performance": "98.29%",
        "statistical_data": {
          "mean": 0.12874917984008788,
          "median": 0.12838101387023926,
          "stddev": 0.0008403333214343617,
          "min": 0.128126859664917,
          "max": 0.1302018165588379,
          "iterations": [
            0.1287240982055664,
            0.1302018165588379,
            0.128126859664917,
            0.12838101387023926,
            0.1283121109008789
          ]
        }
      },
      "3.13.0t": {
        "status": "degraded",
        "duration": 0.33919129371643064,
        "error": null,
        "relative_performance": "258.95%",
        "statistical_data": {
          "mean": 0.33919129371643064,
          "median": 0.33980894088745117,
          "stddev": 0.003437214127095419,
          "min": 0.33462071418762207,
          "max": 0.342576265335083,
          "iterations": [
            0.33980894088745117,
            0.33462071418762207,
            0.342576265335083,
            0.34215545654296875,
            0.3367950916290283
          ]
        }
      }
    },
    "core/memory_ordering/test_adjacent_counters": {
      "3.12.7": {
        "status": "baseline",
        "duration": 0.2723991394042969,
        "error": null,
        "relative_performance": null,
        "statistical_data": {
          "mean": 0.2723991394042969,
          "median": 0.27234697341918945,
          "stddev": 0.0007164355402319212,
          "min": 0.27161073684692383,
          "max": 0.2732720375061035,
          "iterations": [
            0.2732720375061035,
            0.2718057632446289,
            0.27234697341918945,
            0.27161073684692383,
            0.27296018600463867
          ]
        }
      },
      "3.13.0": {
        "status": "similar",
        "duration": 0.26740574836730957,
        "error": null,
        "relative_performance": "98.17%",
        "statistical_data": {
          "mean": 0.26740574836730957,
          "median": 0.2681910991668701,
          "stddev": 0.002112295562307215,
          "min": 0.26369571685791016,
          "max": 0.2689945697784424,
          "iterations": [
            0.2689945697784424,
            0.2679164409637451,
            0.26369571685791016,
            0.2681910991668701,
            0.2682309150695801
          ]
        }
      },
      "3.13.0t": {
        "status": "degraded",
        "duration": 0.3162060737609863,
        "error": null,
        "relative_performance": "116.08%",
        "statistical_data": {
          "mean": 0.3162060737609863,
          "median": 0.3161458969116211,
          "stddev": 0.0006647150306018385,
          "min": 0.3153831958770752,
          "max": 0.3170437812805176,
          "iterations": [
            0.3153831958770752,
            0.316666841506958,
            0.3170437812805176,
            0.3161458969116211,
            0.31579065322875977
          ]
        }
      }
    },
    "core/synchronization/test_lock_patterns": {
      "3.12.7": {
        "status": "baseline",
        "duration": 0.2313786506652832,
        "error": null,
        "relative_performance": null,
        "statistical_data": {
          "mean": 0.2313786506652832,
          "median": 0.23694753646850586,
          "stddev": 0.015482282696449582,
          "min": 0.20406317710876465,
          "max": 0.24210214614868164,